{
  "chain": {
    "n_orbits": 27,
    "D_range": [
      60,
      8
    ],
    "labels": [
      "A4+A1",
      "D5(a1)",
      "A4+2A1",
      "A4+A2",
      "D5(a1)+A1",
      "D4+A2",
      "A4+A3",
      "A5+A1",
      "D5(a1)+A2",
      "E6(a3)+A1",
      "D5+A1",
      "A6",
      "E7(a4)",
      "D5+A2",
      "D7(a2)",
      "A7",
      "E8(b6)",
      "D7(a1)",
      "E7(a2)",
      "D7",
      "E8(a5)",
      "E8(b4)",
      "E7",
      "E8(a3)",
      "E8(a2)",
      "E8(a1)",
      "E8"
    ]
  },
  "normalization": {
    "s_star": 1.419084183942882,
    "lambda": 0.5877029773404678,
    "gamma0": 0.8339999999999999
  },
  "quadratic_diagnostics": {
    "r2": 0.2573067147640885,
    "coefficients": [
      0.002274830652518591,
      -0.06476544100024641,
      0.4466826710853277
    ],
    "d3_mean": -0.05704018507149826,
    "d3_var": 0.07670643290236887
  },
  "fit_quality": {
    "gamma0": 0.26251673572163337,
    "gamma1": -0.03806284250687586,
    "gamma2": 0.0013369247452521549,
    "r_squared": 0.2573067147640885,
    "quality": "poor"
  },
  "model_comparison": [
    {
      "Model": "Hyperbolic",
      "Parameters": 2,
      "R\u00b2": 0.9999997475254024,
      "AIC": -502.66449621858976,
      "BIC": -500.1483031425468,
      "RMSE": 1.4196905531694804e-05
    },
    {
      "Model": "Log-exact (fitted)",
      "Parameters": 1,
      "R\u00b2": 0.98145298809709,
      "AIC": -213.34727234175836,
      "BIC": -212.08917580373688,
      "RMSE": 0.0038478826920219805
    },
    {
      "Model": "Log-exact (anchored)",
      "Parameters": 0,
      "R\u00b2": 0.8697200888262724,
      "AIC": -164.66348058783163,
      "BIC": -164.66348058783163,
      "RMSE": 0.010198201180221456
    },
    {
      "Model": "Quadratic (n\u22651)",
      "Parameters": 3,
      "R\u00b2": -5.428317334556359,
      "AIC": -57.295127928673445,
      "BIC": -53.520838314608994,
      "RMSE": 0.07163635862823842
    }
  ]
}